Companies,Primary Industry Code,HQaddress,Latitude,Longitude
Zymergen ,Biotechnology,"5980 Horton Street, Emeryville, CA",37.84229,-122.291745
ZoomInfo Technologies ,Media and Information Services (B2B),"307 Waverley Oaks Road, Waltham, MA",42.384489,-71.205154
Zoom Video Communications ,Communication Software,"55 Almaden Boulevard, San Jose, CA",37.332849,-121.894777
ZipRecruiter ,Media and Information Services (B2B),"604 Arizona Avenue, Santa Monica, CA",34.019282,-118.494288
Zevia ,Beverages,"15821 Ventura Boulevard, Los Angeles, CA",34.155842,-118.478118
Zeta Global ,Business/Productivity Software,"3 Park Avenue, New York, NY",40.746643,-73.981288
Zentalis Pharmaceuticals ,Drug Discovery,"530 Seventh Avenue, New York, NY",40.754005,-73.988655
Xponential Fitness ,Leisure Facilities,"17877 Von Karman Avenue, Irvine, CA",33.685538,-117.847993
Xometry ,BPO/Outsource Services,"7940 Cessna Avenue, Gaithersburg, MD",39.172629,-77.162609
Wish ,Other Services (B2C Non-Financial),"1 Sansome Street, San Francisco, CA",37.790485,-122.40094
Werewolf Therapeutics ,Drug Discovery,"1030 Massachusetts Avenue, Cambridge, MA",42.369599,-71.112205
Warner Music Group ,"Movies, Music and Entertainment","1633 Broadway, New York, NY",40.761997,-73.984228
VTEX ,Business/Productivity Software,"12 East 49th Street, New York, NY",40.757368,-73.976869
Vroom ,Automotive,"1375 Broadway, New York, NY",40.752465,-73.987626
Vor Biopharma ,Drug Discovery,"100 Cambridgepark Drive, Cambridge, MA",42.394465,-71.144639
Vontier ,Other Commercial Services,"Fortive Corporation, Everett, WA",47.988661,-122.199795
Vizio ,Electronics (B2C),"39 Tesla, Irvine, CA",33.634065,-117.736653
Vital Farms ,Animal Husbandry,"3601 South Congress Avenue, Austin, TX",30.22684,-97.760251
Virios Therapeutics ,Drug Discovery,"44 Milton Avenue, Alpharetta, GA",34.075411,-84.295958
Vir ,Drug Discovery,"499 Illinois Street, San Francisco, CA",37.765982,-122.387785
Vine Oil & Gas ,Energy Exploration,"500 Granite Parkway, Plano, TX",33.51284,-96.38554
Vimeo ,Multimedia and Design Software,"555 West 18th Street, New York, NY",40.745379,-74.007733
Viatris ,Pharmaceuticals,"Robert J. Coury Global Center, Canonsburg, PA",40.231948,-80.126627
Verve Therapeutics ,Drug Discovery,"500 Technology Square, Cambridge, MA",42.363465,-71.092452
Vera Therapeutics ,Drug Discovery,"170 Harbor Way, South San Francisco, CA",37.65306,-122.40089
Velocity Financial ,Thrifts and Mortgage Finance,"30699 Russell Ranch Road, Westlake Village, CA",34.149691,-118.795073
Vallon Pharmaceuticals ,Pharmaceuticals,"Two Logan Square, 100 North 18th Street, Philadelphia, PA",39.888432,-75.178754
Urban-gro ,Other Commercial Services,"1751 Panorama Point, Lafayette, CO",39.979309,-105.068983
Upstart ,Financial Software,"P.O. Box 1503, San Carlos, CA",37.496461,-122.272556
Unity ,Entertainment Software,"30 3rd Street, San Francisco, CA",37.787144,-122.40338
UiPath ,Business/Productivity Software,"90 Park Avenue, New York, NY",40.750799,-73.978946
Uber ,Automotive,"1515 3rd Street, San Francisco, CA",37.769097,-122.389064
U.S. Century Bank ,Regional Banks,"2301 Northwest 87th Avenue, Miami, FL",25.795554,-80.336443
Tuya Smart ,Business/Productivity Software,"3979 Freedom Circle, Santa Clara, CA",37.38817,-121.973785
TuSimple ,Road,"9191 Towne Centre Drive, San Diego, CA",32.873409,-117.206311
Turning Point Therapeutics ,Biotechnology,"10628 Science Center Drive, San Diego, CA",32.897735,-117.231262
Tufin ,Network Management Software,"2 Oliver Street, Boston, MA",42.357312,-71.054553
TScan Therapeutics ,Biotechnology,"830 Winter Street, Waltham, MA",42.401866,-71.278271
Trevi Therapeutics ,Drug Discovery,"195 Church Street, New Haven, CT",41.307965,-72.924205
Trean Insurance Group ,Re-Insurance,"150 Lake Street West, Wayzata, MN",44.970493,-93.525398
TransMedics ,Surgical Devices,"200 Minuteman Road, Andover, MA",42.693195,-71.213171
TransCode Therapeutics ,Biotechnology,"6 Liberty Square, Boston, MA",42.357323,-71.055345
Traeger Pellet Grills ,Household Appliances,"1215 East Wilmington Avenue, Salt Lake City, UT",40.723681,-111.856334
Tradeweb Markets ,Other Capital Markets/Institutions,"1177 Avenue of the Americas, New York, NY",40.757154,-73.98265
Torrid ,Accessories,"18501 East San Jose Avenue, Industry, CA",34.000601,-117.900431
ThredUp ,Other Services (B2C Non-Financial),"969 Broadway, Oakland, CA",37.801472,-122.273377
The RealReal ,Other Services (B2C Non-Financial),"55 Francisco Street, San Francisco, CA",37.805565,-122.405492
The Honest Company ,Personal Products,"12130 Millennium Drive, Los Angeles, CA",33.98008,-118.40646
The Glimpse Group ,Multimedia and Design Software,"15 West 38th Street, New York, NY",40.75152,-73.98379
The AZEK Company ,Building Products,"1330 West Fulton Street, Chicago, IL",41.887151,-87.66015
The Aaron's Company ,Electronics (B2C),"256 W. Data Drive, Draper, UT",40.508961,-111.898574
Terns Pharmaceuticals ,Drug Discovery,"1065 East Hillsdale Boulevard, Foster City, CA",32.66367,-116.27363
Tenaya Therapeutics ,Drug Discovery,"171 Oyster Point Boulevard, South San Francisco, CA",37.66234,-122.397143
TELA Bio ,Surgical Devices,"1 Great Valley Parkway, Malvern, PA",40.063872,-75.53556
Teknova ,Specialty Chemicals,"2290 Bert Drive, Hollister, CA",36.890789,-121.396998
TCR2 Therapeutics ,Pharmaceuticals,"100 Binney Street, Cambridge, MA",42.365125,-71.080833
Taysha Gene Therapies ,Drug Discovery,"BioCenter at UT Southwestern, Dallas, TX",32.781179,-96.790329
TaskUs ,BPO/Outsource Services,"1650 Independence Drive, New Braunfels, TX",29.718049,-98.156918
Tarsus Pharmaceuticals ,Drug Discovery,"15440 Laguna Canyon Road, Irvine, CA",33.667348,-117.757832
Talis Biomedical ,Diagnostic Equipment,"230 Constitution Drive, Menlo Park, CA",37.48243,-122.169895
Talaris Therapeutics ,Biotechnology,"570 South Preston Street, Louisville, KY",38.248651,-85.747798
Super League Gaming ,Other Media,"2906 Colorado Avenue, Santa Monica, CA",34.032865,-118.468076
Sunnova Energy ,Alternative Energy Equipment,"20 Greenway Plaza, Houston, TX",29.731513,-95.439892
Sun Country Airlines ,Air,"2005 Cargo Road, Minneapolis, MN",44.874602,-93.242658
Sumo Logic ,Business/Productivity Software,"305 Main Street, Redwood City, CA",37.492685,-122.227751
Stoke Therapeutics ,Drug Discovery,"45 Wiggins Avenue, Bedford, MA",42.481266,-71.264222
StepStone Group ,Private Equity,"450 Lexington Avenue, New York, NY",40.753085,-73.975025
Stealth BioTherapeutics ,Drug Discovery,"275 Grove Street, Newton, MA",42.338592,-71.252317
SQZ Biotech ,Drug Delivery,"200 Arsenal Yards Boulevard, Watertown, MA",42.361614,-71.158605
Squarespace ,Business/Productivity Software,"225 Varick Street, New York, NY",40.728992,-74.005455
Spruce Biosciences ,Drug Discovery,"2001 Junipero Serra Boulevard, Daly City, CA",37.701719,-122.470726
Sprout Social ,Business/Productivity Software,"131 South Dearborn Street, Chicago, IL",41.879805,-87.628907
Sprinklr ,Business/Productivity Software,"29 West 35th Street, New York, NY",40.749832,-73.98556
SpringWorks Therapeutics ,Drug Discovery,"100 Washington Boulevard, Stamford, CT",41.040639,-73.542319
Sotera Health ,Laboratory Services (Healthcare),"9100 South Hills Boulevard, Broadview Heights, OH",41.317536,-81.643892
Sonim Technologies ,Electronics (B2C),"1825 South Grant Street, San Mateo, CA",37.553805,-122.300107
Soliton ,Other Devices and Supplies,"5304 Ashbrook Drive, Houston, TX",29.715425,-95.472813
Snowflake ,Database Software,"450 Concar Drive, San Mateo, CA",37.553739,-122.306808
Snap One Holdings ,Electronics (B2C),"1800 Continental Boulevard, Charlotte, NC",35.129051,-80.930445
SmileDirectClub ,Therapeutic Devices,"414 Union Street, Nashville, TN",36.164945,-86.780951
SiTime ,Other Semiconductors,"5451 Patrick Henry Drive, Santa Clara, CA",37.40994,-121.984066
Singular Genomics ,Drug Discovery,"10931 North Torrey Pines Road, La Jolla, CA",32.901682,-117.242659
SimilarWeb ,Business/Productivity Software,"35 East 21st Street, New York, NY",40.7395,-73.988436
Silvergate Bank ,Regional Banks,"4250 Executive Square, La Jolla, CA",32.874548,-117.214734
Silverback Therapeutics ,Biotechnology,"500 Fairview Avenue North, Seattle, WA",47.623452,-122.334081
Silk Road Medical ,Therapeutic Devices,"1213 Innsbruck Drive, Sunnyvale, CA",37.406369,-122.014792
Signify Health ,Managed Care,"4055 Valley View Lane, Dallas, TX",32.926672,-96.843727
Sigilon Therapeutics ,Drug Delivery,"100 Binney Street, Cambridge, MA",42.365125,-71.080833
Sight Sciences ,Surgical Devices,"4040 Campbell Avenue, Menlo Park, CA",37.479884,-122.180141
ShockWave Medical ,Surgical Devices,"5403 Betsy Ross Drive, Santa Clara, CA",37.409073,-121.981367
Shoals Technologies Group ,Alternative Energy Equipment,"1400 Shoals Way, Portland, TN",36.547545,-86.515887
Shift4 Payments ,Financial Software,"2202 North Irving Street, Allentown, PA",40.640358,-75.450262
Shattuck Labs ,Biotechnology,"1018 West 11th Street, Austin, TX",30.27642,-97.752712
Sera Prognostics ,Diagnostic Equipment,"2749 East Parleys Way, Salt Lake City, UT",40.718081,-111.810729
SentinelOne ,Network Management Software,"444 Castro Street, Mountain View, CA",37.390587,-122.081443
Sensei Biotherapeutics ,Drug Discovery,"1405 Research Boulevard, Rockville, MD",39.091226,-77.177779
SEMrush ,Media and Information Services (B2B),"800 Boylston Street, Boston, MA",42.347297,-71.081458
SelectQuote ,Information Services (B2C),"6800 West, Overland Park, KS",39.02315,-94.669467
Seer ,Decision/Risk Analysis,"3800 Bridge Parkway, Redwood City, CA",37.537721,-122.256237
SciPlay ,Information Services (B2C),"6601 Bermuda Road, Las Vegas, NV",36.069746,-115.155901
Schr√∂dinger ,Business/Productivity Software,"120 West 45th Street, New York, NY",40.757131,-73.983934
Satsuma Pharmaceuticals ,Pharmaceuticals,"400 Oyster Point Boulevard, San Francisco, CA",37.665483,-122.382128
Sana Biotechnology ,Drug Discovery,"188 East Blaine Street, Seattle, WA",47.635048,-122.32647
Ryan Specialty Group ,Insurance Brokers,"Prudential Plaza, 180 North Stetson Avenue, Chicago, IL",41.88531,-87.62213
RxSight ,Therapeutic Devices,"100 Columbia, Aliso Viejo, CA",33.58918,-117.724527
Royalty Pharma ,Biotechnology,"110 East 59th Street, New York, NY",40.762502,-73.969283
Root Insurance ,Automotive Insurance,"80 East Rich Street, Columbus, OH",39.957896,-82.997456
Roblox ,Social/Platform Software,"970 Park Place, San Mateo, CA",37.466799,-122.267418
Robinhood Markets ,Brokerage,"85 Willow Street, Menlo Park, CA",44.485291,-109.110056
Riskified ,Network Management Software,"220 5th Avenue, New York, NY",40.743678,-73.988252
Reynolds Packaging Group ,Metal Containers and Packaging,"1900 West Field Court, Lake Forest, IL",42.241162,-87.893421
REVOLVE ,Internet Retail,"16800 Edwards Road, Cerritos, CA",33.87875,-118.034025
Revolution Medicines ,Biotechnology,"700 Saginaw Drive, Redwood City, CA",37.502487,-122.220366
Reneo ,Drug Discovery,"12230 El Camino Real, San Diego, CA",32.936979,-117.240444
Relay Therapeutics ,Drug Discovery,"399 Binney Street, Cambridge, MA",42.367792,-71.090524
Recursion ,Drug Discovery,"41 South Rio Grande Street, Salt Lake City, UT",40.767841,-111.903846
RAPT Therapeutics ,Drug Discovery,"561 Eccles Avenue, South San Francisco, CA",37.661543,-122.390392
Rapid Micro Biosystems ,Biotechnology,"1001 Pawtucket Boulevard West, Lowell, MA",42.641266,-71.370692
Rani Therapeutics ,Drug Delivery,"2051 Ringwood Avenue, San Jose, CA",37.391627,-121.897525
Rallybio ,Drug Discovery,"234 Church Street, New Haven, CT",41.309495,-72.923596
Rain Therapeutics ,Biotechnology,"8000 Jarvis Avenue, Newark, CA",37.536398,-122.061354
Rackspace Technology ,Systems and Information Management,"1 Fanatical Place, San Antonio, TX",29.507649,-98.393416
Qualtrics ,Business/Productivity Software,"333 West River Park Drive, Provo, UT",40.303408,-111.663805
Pulmonx ,Therapeutic Devices,"700 Chesapeake Drive, Redwood City, CA",37.500514,-122.213413
PubMatic ,Media and Information Services (B2B),"3 Lagoon Drive, Redwood City, CA",37.52595,-122.261878
ProSight Global ,Insurance Brokers,"412 Mount Kemble Avenue, Morristown, NJ",40.770566,-74.503357
Prometheus Biosciences ,Drug Discovery,"9410 Carroll Park Drive, San Diego, CA",32.888864,-117.173302
Progyny ,Other Healthcare Services,"1359 Broadway, New York, NY",40.751797,-73.987767
Progenity ,Laboratory Services (Healthcare),"4330 La Jolla Village Drive, San Diego, CA",32.874512,-117.213464
Procore ,Business/Productivity Software,"6309 Carpinteria Avenue, Carpinteria, CA",34.38366,-119.491515
Privia Health ,Practice Management (Healthcare),"950 North Glebe Road, Arlington, VA",38.881507,-77.116049
Prelude Therapeutics ,Drug Discovery,"200 Powder Mill Road, Wilmington, DE",39.774732,-75.571901
Precision BioSciences ,Biotechnology,"302 East Pettigrew Street, Durham, NC",35.991641,-78.899321
Praxis ,Drug Discovery,"One Broadway, Cambridge, MA",42.36488,-71.078136
PowerSchool Group ,Education and Training Services (B2B),"150 Parkshore Drive, Folsom, CA",38.657773,-121.18871
Poshmark ,Other Services (B2C Non-Financial),"203 Redwood Shores Parkway, Redwood City, CA",37.519019,-122.252558
Poseida Therapeutics ,Drug Discovery,"9390 Towne Center Drive, San Diego, CA",32.877576,-117.209266
PMV Pharma ,Drug Discovery,"8 Clarke Drive, Cranbury, NJ",40.328966,-74.502673
Pliant Therapeutics ,Biotechnology,"260 Littlefield Avenue, San Francisco, CA",37.645543,-122.394438
Pinterest ,Social/Platform Software,"651 Brannan Street, San Francisco, CA",37.775227,-122.399631
Ping Identity ,Network Management Software,"1001 17th Street, Denver, CO",39.748985,-104.993429
Phreesia ,Enterprise Systems (Healthcare),"432 Park Avenue South, 12th Floor, New York, NY",40.744216,-73.983654
Phathom Pharmaceuticals ,Biotechnology,"2150 East Lake Cook Road, Buffalo Grove, IL",42.154231,-87.913365
Pharmaceutical Product Development ,BPO/Outsource Services,"929 North Front Street, Wilmington, NC",34.246216,-77.949807
Petco Animal Supplies ,Specialty Retail,"10850 Via Frontera, San Diego, CA",33.014544,-117.09729
Personalis ,Drug Discovery,"1330 O'Brien Drive, Menlo Park, CA",37.47645,-122.144998
Pennant Group ,Other Healthcare Services,"1675 E Riverside Drive, Eagle, ID",43.685792,-116.333795
Peloton ,Recreational Goods,"140 West 23rd Street, New York, NY",40.743363,-73.994303
Paymentus ,Other Financial Services,"13024 Ballantyne Corporate Place, Charlotte, NC",35.055941,-80.842844
Paycor ,Business/Productivity Software,"4811 Montgomery Road, Cincinnati, OH",39.166559,-84.455936
Passage Bio ,Drug Discovery,"2 Commerce Square, Philadelphia, PA",39.953966,-75.172083
Palomar Holdings ,Property and Casualty Insurance,"7979 Ivanhoe Avenue, La Jolla, CA",32.848694,-117.272174
Palantir Technologies ,Business/Productivity Software,"1555 Blake Street, Denver, CO",39.750401,-104.999618
PagerDuty ,Business/Productivity Software,"600 Townsend Street, San Francisco, CA",37.771706,-122.402683
Pactiv Evergreen ,Holding Companies,"1900 West Field Court, Lake Forest, IL",42.241162,-87.893421
Oyster Point ,Pharmaceuticals,"202 Carnegie Center, Princeton, NJ",40.318199,-74.648988
Owl Rock Capital Corporation ,Asset Management,"399 Park Avenue, New York, NY",40.759315,-73.972086
Outset Medical ,Therapeutic Devices,"1830 Bering Drive, San Jose, CA",37.373736,-121.911968
Outbrain ,Media and Information Services (B2B),"39 West 13th Street, New York, NY",40.736243,-73.996072
Otis ,Electrical Equipment,"1 Carrier Place, Farmington, CT",41.715181,-72.799252
Oscar ,Life and Health Insurance,"75 Varick Street, New York, NY",40.723285,-74.006397
ORIC Pharmaceuticals ,Drug Discovery,"240 East Grand Avenue, South San Francisco, CA",37.652227,-122.398444
Organon & Co. ,Pharmaceuticals,"30 Hudson Street, Jersey City, NJ",40.713026,-74.03394
Oportun ,Consumer Finance,"2 Circle Star Way, San Carlos, CA",37.498017,-122.240686
OneWater Marine ,Specialty Retail,"6275 Lanier Islands Parkway, Buford, GA",34.158938,-83.992781
One Medical ,Clinics/Outpatient Services,"One Embarcadero Center, San Francisco, CA",37.788001,-122.395607
Oncorus ,Drug Discovery,"50 Hampshire Street, Cambridge, MA",42.366887,-71.09283
ON24 ,Business/Productivity Software,"50 Beale Street, San Francisco, CA",37.791674,-122.396869
Omega Therapeutics ,Drug Discovery,"20 Acorn Park Drive, Cambridge, MA",42.398112,-71.147299
Olo ,Business/Productivity Software,"26 Broadway, New York, NY",40.857824,-73.930824
Olema Oncology ,Biotechnology,"665 3rd Street, San Francisco, CA",37.779412,-122.393216
Oak Street Health ,Clinics/Outpatient Services,"30 West Monroe Street, Chicago, IL",41.881082,-87.628583
Nuvalent ,Drug Discovery,"One Broadway 14th Floor, Cambridge, MA",42.36488,-71.078136
Nurix ,Drug Discovery,"1700 Owens Street, San Francisco, CA",37.766979,-122.393666
Nkarta Therapeutics ,Biotechnology,"6000 Shoreline Court, South San Francisco, CA",37.657443,-122.423483
NGM Biopharmaceuticals ,Drug Discovery,"333 Oyster Point Boulevard, South San Francisco, CA",37.662675,-122.387169
NextCure ,Biotechnology,"9000 Virginia Manor Road, Beltsville, MD",39.063289,-76.893143
NexImmune ,Biotechnology,"9119 Gaither Road, Gaithersburg, MD",39.118098,-77.187391
New Fortress Energy ,Energy Transportation,"111 West 19th Street, New York, NY",40.740695,-73.99474
NeuroPace ,Therapeutic Devices,"455 North Bernardo Avenue, Mountain View, CA",37.388853,-122.049027
nCino ,Financial Software,"6770 Parker Farm Drive, Wilmington, NC",34.234281,-77.833204
Muscle Maker Grill Franchising ,Restaurants and Bars,"2600 South Shore Boulevard, League City, TX",29.542651,-95.063884
Movano ,Monitoring Equipment,"6200 Stoneridge Mall Road, Pleasanton, CA",37.695796,-121.924665
Motorsport Games ,Entertainment Software,"5972 North east 4th Avenue, Miami, FL",25.831329,-80.188227
Morphic Therapeutic ,Drug Discovery,"35 Gatehouse Drive, A2, Waltham, MA",42.397339,-71.277352
Montrose Environmental Group ,Environmental Services (B2B),"1 Park Plaza, Irvine, CA",33.679735,-117.839674
Monte Rosa Therapeutics ,Drug Discovery,"645 Summer Street, Boston, MA",42.341787,-71.040378
Montauk Energy Capital ,Energy Production,"680 Andersen Drive, Foster Plaza, 5th Floor, Pittsburgh, PA",40.420845,-80.060349
Monopar Therapeutics ,Drug Discovery,"1000 Skokie Boulevard, Wilmette, IL",42.081555,-87.754638
Mister Car Wash ,Automotive,"222 East 5th Street, Tucson, AZ",32.228819,-110.968345
Miromatrix ,Therapeutic Devices,"10399 West 70th Street, Eden Prairie, MN",44.874015,-93.407148
Metacrine ,Pharmaceuticals,"3985 Sorrento Valley Boulevard, San Diego, CA",32.902301,-117.219241
MeridianLink ,Financial Software,"1600 Sunflower Avenue, Costa Mesa, CA",33.695943,-117.925699
MediaAlpha ,Media and Information Services (B2B),"700 South Flower Street, Los Angeles, CA",34.04835,-118.25882
Medallia ,Business/Productivity Software,"575 Market Street, San Francisco, CA",37.789695,-122.400513
McAfee ,Network Management Software,"6220 America Center Drive, San Jose, CA",37.419591,-121.976979
Marqeta ,Financial Software,"180 Grand Avenue, Oakland, CA",37.811326,-122.262938
Maravai Life Sciences ,Biotechnology,"10770 Wateridge Circle, San Diego, CA",32.900765,-117.211973
Madison Square Garden Entertainment ,"Movies, Music and Entertainment","Madison Square Garden, New York, NY",40.742384,-73.986751
Lyra Therapeutics ,Drug Discovery,"480 Arsenal Way, Watertown, MA",42.365376,-71.160943
Lyft ,Automotive,"548 Market Street, San Francisco, CA",37.790057,-122.400783
Lyell ,Drug Discovery,"400 East Jamie Court, South San Francisco, CA",37.649017,-122.387257
Lucira Health ,Diagnostic Equipment,"1412 62nd Street, Emeryville, CA",37.843338,-122.289605
Longeveron ,Biotechnology,"1951 NorthWest 7th Avenue, Miami, FL",25.794616,-80.206749
Longboard Pharmaceuticals ,Drug Discovery,"6154 Nancy Ridge Drive, San Diego, CA",32.889327,-117.184421
LoanDepot ,Thrifts and Mortgage Finance,"26642 Towne Centre Drive, Foothill Ranch, CA",33.675151,-117.666235
LMP Motors ,Automotive,"500 East Broward Boulevard, Fort Lauderdale, FL",26.121956,-80.13842
LifeStance Health ,Clinics/Outpatient Services,"4800 North Scottsdale Road, Scottsdale, AZ",33.508638,-111.928639
Leslie's Poolmart ,Recreational Goods,"2005 East Indian School Road, Phoenix, AZ",33.493829,-112.037764
Lensar ,Surgical Devices,"2800 Discovery Drive, Orlando, FL",28.585855,-81.193176
Lemonade ,Property and Casualty Insurance,"5 Crosby Street, New York, NY",40.719806,-74.000285
Legend Biotech ,Drug Discovery,"10 Knightsbridge Road, Piscataway, NJ",40.549629,-74.484789
Latham Pool Products ,Recreational Goods,"787 Watervliet Shaker Road, Latham, NY",42.739822,-73.795969
Lantern Pharma ,Drug Discovery,"1920 McKinney Avenue, Dallas, TX",32.790158,-96.803333
Landos Biopharma ,Pharmaceuticals,"1800 Kraft Drive SouthWest, Blacksburg, VA",37.202831,-80.410888
Kymera Therapeutics ,Biotechnology,"200 Arsenal Yards Boulevard, Watertown, MA",42.361614,-71.158605
Kubient ,Media and Information Services (B2B),"228 Park Avenue South, New York, NY",40.737553,-73.9885
Kronos Bio ,Biotechnology,"1300 South El Camino Real, San Mateo, CA",37.555049,-122.317369
Kontoor Brands ,Clothing,"400 North Elm Street, Greensboro, NC",36.077484,-79.789428
KnowBe4 ,Educational Software,"33 North Garden Avenue, Clearwater, FL",27.966558,-82.798319
Kiromic ,Drug Discovery,"7707 Fannin South Professional Building, Houston, TX",29.69042,-95.402273
Kinnate Biopharma ,Drug Discovery,"11975 El Camino Real, San Diego, CA",32.937009,-117.238071
Keros Therapeutics ,Biotechnology,"99 Hayden Avenue, Lexington, MA",42.425304,-71.247656
Karuna Therapeutics ,Drug Discovery,"33 Arch Street, Boston, MA",42.3562,-71.05804
Kaltura ,Business/Productivity Software,"250 Park Avenue South, New York, NY",40.7382,-73.988043
Kaleido BioSciences ,Biotechnology,"18 Crosby Drive, Bedford, MA",42.506774,-71.243579
Jupiter Wellness ,Personal Products,"725 North Higway A1A, Jupiter, FL",26.936558,-80.131851
Jo-Ann Stores ,Specialty Retail,"5555 Darrow Road, Hudson, OH",41.21488,-81.437923
JFrog ,Software Development Applications,"270 East Caribbean Drive, Sunnyvale, CA",37.416257,-122.01345
Janux Therapeutics ,Drug Discovery,"11099 North Torrey Pines Road, La Jolla, CA",32.904397,-117.243087
Jamf ,Network Management Software,"100 Washington Avenue South, Minneapolis, MN",44.981085,-93.265673
iSpecimen ,Biotechnology,"450 Bedford Street, Lexington, MA",42.473681,-71.250844
Integral Ad Science ,Media and Information Services (B2B),"95 Morton Street, New York, NY",40.731229,-74.008608
IntApp ,Business/Productivity Software,"3101 Park Boulevard, Palo Alto, CA",37.425106,-122.136162
Insurance Auto Auctions ,Automotive,"Two Westbrook Corporate Center, Westchester, IL",40.912483,-73.810654
Instil Bio ,Biotechnology,"3963 Maple Avenue, Dallas, TX",32.805004,-96.81601
Inozyme Pharma ,Drug Discovery,"321 Summer Street, Boston, MA",42.34917,-71.04866
InnovAge ,Elder and Disabled Care,"8950 East Lowry Boulevard, Denver, CO",39.723917,-104.883122
InMode ,Medical Supplies,"192 Technology Unit A&B, Irvine, CA",33.666984,-117.748477
Inhibrx ,Drug Discovery,"11025 North Torrey Pines Road, La Jolla, CA",32.9038,-117.242961
Inhibikase Therapeutics ,Pharmaceuticals,"3350 Riverwood Parkway, Atlanta, GA",33.877907,-84.458219
Inari Medical ,Surgical Devices,"9 Parker, Irvine, CA",33.653613,-117.707307
Impel NeuroPharma ,Pharmaceuticals,"201 Elliott Avenue West, Seattle, WA",47.61972,-122.360328
Immunome ,Biotechnology,"665 Stockton Drive, Exton, PA",40.064381,-75.686701
Immuneering ,Drug Discovery,"245 Main Street, Cambridge, MA",42.362644,-71.084966
Imara ,Biotechnology,"116 Huntington Avenue, Boston, MA",42.34651,-71.07976
Imago BioSciences ,Drug Discovery,"329 Oyster Point Boulevard, South San Francisco, CA",37.662672,-122.387571
Ikena Oncology ,Drug Discovery,"645 Summer Street, Boston, MA",42.341787,-71.040378
iHeartMedia ,"Broadcasting, Radio and Television","32 Avenue of the Americas, New York, NY",40.720084,-74.004989
IGM Biosciences ,Biotechnology,"325 East Middlefield Road, Mountain View, CA",37.39655,-122.059265
IDEAYA Biosciences ,Drug Discovery,"7000 Shoreline Court, South San Francisco, CA",37.657443,-122.423483
Icosavax ,Drug Discovery,"1616 Eastlake Avenue East, Seattle, WA",47.634638,-122.324735
Ibex ,Business/Productivity Software,"1700 Pennsylvania Avenue Northwest, Washington, DC",38.898657,-77.039958
Hydrofarm ,Other Commercial Products,"2249 South McDowell Extension, Petaluma, CA",38.229203,-122.59215
Hoth Therapeutics ,Therapeutic Devices,"One Rockefeller Plaza, New York, NY",40.70562,-74.017253
Hookipa Pharma ,Biotechnology,"430 East 29th Street, New York, NY",40.740306,-73.975213
Home Point Financial ,Thrifts and Mortgage Finance,"2211 Old Earhart Road, Ann Arbor, MI",42.305623,-83.684324
Health Catalyst ,Other Healthcare Technology Systems,"3165 Millrock Drive, Salt Lake City, UT",40.633085,-111.803862
HCW Biologics ,Drug Discovery,"2929 North Commerce Parkway, Miramar, FL",25.982557,-80.281233
Hayward Industries ,Other Commercial Products,"400 Connell Drive, Berkeley Heights, NJ",40.611371,-74.335361
Harpoon Therapeutics ,Biotechnology,"4000 Shoreline Court, South San Francisco, CA",37.657443,-122.423483
Harmony Biosciences ,Drug Discovery,"630 West Germantown Pike, Plymouth Meeting, PA",40.120514,-75.284357
Guild Mortgage Company ,Thrifts and Mortgage Finance,"Post Office Box 85304, San Diego, CA",32.841372,-117.199937
Guardion Health Sciences ,Other Pharmaceuticals and Biotechnology,"15150 Avenue of Science, San Diego, CA",32.991044,-117.081859
Grocery Outlet ,Department Stores,"5650 Hollis Street, Emeryville, CA",37.838073,-122.288562
Greenlane ,Distributors/Wholesale,"1095 Broken Sound Parkway North West, Boca Raton, FL",26.401101,-80.110586
Graybug Vision ,Drug Delivery,"275 Shoreline Drive, Redwood City, CA",37.524354,-122.258576
Graphite Bio ,Biotechnology,"US-SSF-EGA4, South San Francisco, CA",37.657443,-122.423483
Gossamer Bio ,Biotechnology,"3013 Science Park Road, San Diego, CA",32.901124,-117.240063
GoodRx Holdings ,Information Services (B2C),"2701 Olympic Boulevard, Santa Monica, CA",34.028793,-118.467588
GoHealth ,Information Services (B2C),"214 West Huron Street, Chicago, IL",41.895033,-87.634859
Generation Bio ,Biotechnology,"301 Binney Street, Cambridge, MA",42.366593,-71.087969
GBS ,Monitoring Equipment,"708 3rd Avenue, 6th Floor, New York, NY",40.75233,-73.973529
Gatos Silver ,"Other Metals, Minerals and Mining","8400 East Crescent Parkway, Greenwood Village, CO",39.621919,-104.888604
Galera Therapeutics ,Drug Discovery,"2 West Liberty Boulevard, Malvern, PA",40.053075,-75.529891
Gain Therapeutics ,Drug Discovery,"4800 Hampden Lane, Bethesda, MD",38.982493,-77.095061
Fulcrum Therapeutics ,Drug Discovery,"26 Landsdowne Street, Cambridge, MA",42.361022,-71.099023
FTC Solar ,Alternative Energy Equipment,"9020 North Capital of Texas Highway, Building 1, Austin, TX",30.388372,-97.757191
Frequency Therapeutics ,Drug Discovery,"19 Presidential Way, Woburn, MA",42.524541,-71.139175
Forma Therapeutics ,Drug Discovery,"500 Arsenal Street, Watertown, MA",42.363856,-71.160442
Foghorn Therapeutics ,Biotechnology,"100 Binney Street, Cambridge, MA",42.365125,-71.080833
Flywire ,Financial Software,"141 Tremont Street, Boston, MA",42.35539,-71.06274
Finch ,Drug Discovery,"200 Inner Belt Road, Somerville, MA",42.377998,-71.084582
FIGS ,Clothing,"2834 Colorado Avenue, Santa Monica, CA",34.032047,-118.46772
Femasys ,Other Devices and Supplies,"3950 Johns Creek Court, Suwanee, GA",34.067981,-84.160096
Fastly ,Systems and Information Management,"PO Box 78266, San Francisco, CA",37.776646,-122.417481
F45 Training ,Leisure Facilities,"801 Barton Springs Road, Austin, TX",30.258911,-97.752543
Exagen ,Laboratory Services (Healthcare),"1261 Liberty Way, Vista, CA",33.137572,-117.23185
EverCommerce ,Financial Software,"3601 Walnut Street, Denver, CO",39.76902,-104.974035
Envista Holdings ,Medical Supplies,"200 S. Kraemer Boulevard, Brea, CA",33.917203,-117.861555
Endeavor ,Media and Information Services (B2B),"9601 Wilshire Boulevard, Beverly Hills, CA",34.067632,-118.403541
Elite Education Group International ,Educational and Training Services (B2C),"25 Robert Pitt Drive, Monsey, NY",41.110625,-74.065788
Elevation Oncology ,Drug Discovery,"888 7th Avenue, New York, NY",40.765127,-73.980608
Edgewise Therapeutics ,Drug Discovery,"3415 Colorado Avenue, Boulder, CO",40.008239,-105.248816
Eargo ,Therapeutic Devices,"1600 Technology Drive, San Jose, CA",37.364414,-121.915276
Dyne Therapeutics ,Drug Discovery,"830 Winter Street, Waltham, MA",42.401866,-71.278271
Dynatrace ,Business/Productivity Software,"1601 Trapelo Road, Waltham, MA",42.417349,-71.258986
Duolingo ,Educational Software,"5900 Penn Avenue, Pittsburgh, PA",40.461901,-79.926786
Dun & Bradstreet ,Media and Information Services (B2B),"103 JFK Parkway, Short Hills, NJ",40.742906,-74.366456
Duckhorn Vineyards ,Beverages,"1000 Lodi Lane, Saint Helena, CA",38.529478,-122.490767
Duck Creek Technologies ,Business/Productivity Software,"22 Boston Wharf Road, Boston, MA",42.350451,-71.046975
DT Midstream ,Energy Transportation,"One Energy Plaza, Detroit, MI",42.347021,-83.060184
Driven Brands ,Automotive,"440 South Church Street, Charlotte, NC",35.225476,-80.848547
Dream Finders Homes ,Construction and Engineering,"14701 Philips Highway, Jacksonville, FL",30.111939,-81.485187
Doximity ,Other Healthcare Technology Systems,"500 3rd Street, San Francisco, CA",37.78108,-122.395844
Dow ,Multi-line Chemicals,"2211 H.H. Dow Way, Midland, MI",43.614498,-84.196915
DoubleVerify ,Business/Productivity Software,"233 Spring Street, New York, NY",40.72569,-74.004874
DoorDash ,"Other Restaurants, Hotels and Leisure","303 2nd Street, San Francisco, CA",37.785292,-122.395566
Diversey ,Other Commercial Products,"1300 Altura Road, Fort Mill, SC",35.087697,-80.96068
DISCO ,Legal Services (B2B),"3700 North Capital of Texas Highway, Austin, TX",30.335401,-97.806241
DigitalOcean ,Systems and Information Management,"101 6th Avenue, New York, NY",40.723173,-74.005154
Digital Brands Group ,Clothing,"537 South Broadway, Los Angeles, CA",34.04731,-118.25166
Design Therapeutics ,Drug Discovery,"6005 Hidden Valley Road, Carlsbad, CA",33.121891,-117.307079
Decibel Therapeutics ,Drug Discovery,"1325 Boylston Street, Boston, MA",42.344465,-71.099169
Day One Biopharmaceuticals ,Drug Discovery,"395 Oyster Point Boulevard, San Francisco, CA",37.662965,-122.38563
Datto ,Systems and Information Management,"101 Merritt 7, Norwalk, CT",41.151269,-73.425606
Datadog ,Business/Productivity Software,"620 8th Avenue, New York, NY",40.756209,-73.9903
Cytek ,Other Devices and Supplies,"46107 Landing Parkway, Fremont, CA",37.488117,-121.94678
Cyteir Therapeutics ,Drug Discovery,"128 Spring Street, Building A, Lexington, MA",42.425304,-71.247656
Cyclerion Therapeutics ,Drug Discovery,"245 First Street, Cambridge, MA",42.363548,-71.078724
CVRx ,Therapeutic Devices,"9201 West Broadway Avenue, Minneapolis, MN",45.121917,-93.376801
Cullinan Oncology ,Drug Discovery,"One Main Street, Cambridge, MA",42.36488,-71.078136
CrowdStrike ,Network Management Software,"150 Mathilda Place, Sunnyvale, CA",37.377838,-122.033386
Coursera ,Educational Software,"381 East Evelyn Avenue, Mountain View, CA",37.386838,-122.060829
Couchbase ,Database Software,"3250 Olcott Street, Santa Clara, CA",37.380337,-121.967745
Cortexyme ,Biotechnology,"269 East Grand Avenue, South San Francisco, CA",37.654585,-122.39978
Corteva Agriscience ,Other Agriculture,"P.O. Box 80735, Wilmington, DE",39.727113,-75.547844
Corsair ,"Computers, Parts and Peripherals","47100 Bayside Parkway, Fremont, CA",37.476251,-121.9376
Core & Main ,Distributors/Wholesale,"1830 Craig Park Court, Saint Louis, MO",38.693236,-90.442108
Confluent ,Business/Productivity Software,"899 West Evelyn, Mountain View, CA",37.395199,-122.079098
Concentrix ,BPO/Outsource Services,"44051 Nobel Drive, Fremont, CA",37.49767,-121.982643
Compass ,Real Estate Services (B2C),"90 Fifth Avenue, New York, NY",40.736338,-73.993603
Coinbase ,Financial Software,"548 Market Street, San Francisco, CA",37.790057,-122.400783
Codiak ,Drug Discovery,"35 CambridgePark Drive, Cambridge, MA",42.394805,-71.143538
Codex DNA ,Discovery Tools (Healthcare),"9535 Waples Street, San Diego, CA",32.902639,-117.182526
CNS Pharmaceuticals ,Drug Discovery,"2100 West Loop South, Houston, TX",29.810336,-95.43942
Cloudflare ,Network Management Software,"101 Townsend Street, San Francisco, CA",37.780226,-122.390466
Chewy ,Internet Retail,"1855 Griffin Road, Dania Beach, FL",26.060232,-80.161491
Checkmate Pharmaceuticals ,Other Pharmaceuticals and Biotechnology,"245 Main Street, Cambridge, MA",42.362644,-71.084966
Change Healthcare ,Enterprise Systems (Healthcare),"100 Airpark Center Drive East, Nashville, TN",36.096749,-86.679957
Certara ,Other Healthcare Technology Systems,"Overlook Center, Princeton, NJ",40.390606,-74.582785
Cerence ,Application Software,"15 Wayside Road, Burlington, MA",42.484317,-71.190901
Century Therapeutics ,Drug Discovery,"3675 Market Street, Philadelphia, PA",39.956516,-75.195267
Castle Biosciences ,Laboratory Services (Healthcare),"505 South Friendswood Drive, Friendswood, TX",29.528343,-95.198079
Casper Sleep ,Home Furnishings,"3 World Trade Center, 175 Greenwich Street, New York, NY",40.710785,-74.011197
Carrier Corporation ,Electrical Equipment,"13995 Pasteur Buulevard, Palm Beach Gardens, FL",26.882154,-80.125063
Caribou Biosciences ,Biotechnology,"2929 7th Street, Berkeley, CA",37.852074,-122.290481
Candel Therapeutics ,Drug Discovery,"117 Kendrick Street, Needham, MA",42.297106,-71.21329
Cambium Networks ,Wireless Communications Equipment,"3800 Golf Road, Rolling Meadows, IL",42.052861,-88.025442
Cabaletta Bio ,Drug Discovery,"2929 Arch Street, Philadelphia, PA",39.957383,-75.182481
C4 Therapeutics ,Drug Discovery,"490 Arsenal Way, Watertown, MA",42.367285,-71.157367
C3.ai ,Business/Productivity Software,"1300 Seaport Boulevard, Redwood City, CA",37.51429,-122.202309
Bumble ,Social/Platform Software,"1105 West, Austin, TX",29.472365,-98.526156
Broadstone Net Lease ,Real Estate Investment Trusts (REITs),"800 Clinton Square, Rochester, NY",43.155523,-77.606135
Bright Health ,Life and Health Insurance,"8000 Norman Center Drive, Minneapolis, MN",44.858355,-93.357391
Brigham Minerals ,Energy Exploration,"5914 West Courtyard Drive, Austin, TX",30.353057,-97.796714
BridgeBio ,Pharmaceuticals,"421 Kipling Street, Palo Alto, CA",37.448401,-122.160519
Bolt Biotherapeutics ,Drug Discovery,"900 Chesapeake Drive, Redwood City, CA",37.501467,-122.214132
Blend ,Financial Software,"415 Kearny Street, San Francisco, CA",37.792014,-122.404449
Black Diamond Therapeutics ,Biotechnology,"One Main Street, 10th Floor, Cambridge, MA",42.36488,-71.078136
BioXcel Therapeutics ,Therapeutic Devices,"555 Long Wharf Drive, New Haven, CT",41.297917,-72.912175
Bioventus ,Diagnostic Equipment,"4721 Emperor Boulevard, Durham, NC",35.877069,-78.840204
Biomea Fusion ,Drug Discovery,"Chamberlain Building, Redwood City, CA",37.462158,-122.235639
Biodesix ,Diagnostic Equipment,"2970 Wilderness Place, Boulder, CO",40.028575,-105.246978
BioAtla ,Drug Discovery,"11085 Torreyana Road, San Diego, CA",32.906641,-117.236854
Bill.com ,Financial Software,"1810 Embarcadero Road, Palo Alto, CA",37.450421,-122.114792
BigCommerce ,Business/Productivity Software,"11305 Four Points, Austin, TX",30.404977,-97.849432
Beyond Meat ,Food Products,"119 Standard Street, El Segundo, CA",33.91688,-118.415024
Berkeley Lights ,Drug Discovery,"5858 Horton Street, Emeryville, CA",37.840254,-122.290696
Bentley Systems ,Construction and Engineering,"685 Stockton Drive, Exton, PA",40.065186,-75.687641
Beam Therapeutics ,Drug Discovery,"26 Landsdowne Street, Cambridge, MA",42.361022,-71.099023
Aziyo Biologics ,Biotechnology,"12510 Prosperity Drive, Silver Spring, MD",39.06141,-76.962567
Ayala Pharmaceuticals ,Biotechnology,"1007 North Orange Street, Wilmington, DE",39.746838,-75.54927
Axcella ,Biotechnology,"840 Memorial Drive, Cambridge, MA",42.363114,-71.115076
Avidity Biosciences ,Drug Discovery,"10975 North Torrey Pines Road, La Jolla, CA",32.903137,-117.24281
Aveanna Healthcare ,Elder and Disabled Care,"400 Interstate North Parkway, Atlanta, GA",33.894426,-84.455989
Avantor ,Specialty Chemicals,"One Radnor Corporate Center, Building One, Suite 200, Radnor, PA",40.855404,-78.275286
Auddia ,"Broadcasting, Radio and Television","5755 Central Avenue, Boulder, CO",40.025449,-105.221624
Atreca ,Biotechnology,"500 Saginaw Drive, Redwood City, CA",37.503381,-122.220492
Athira Pharma ,Drug Discovery,"4000 Mason Road, Seattle, WA",47.610902,-122.336422
Aterian ,Business/Productivity Software,"37 East 18th Street, New York, NY",40.737615,-73.989429
Atea Pharmaceuticals ,Drug Discovery,"125 Summer Street, Boston, MA",42.353123,-71.057423
AssetMark ,Consulting Services (B2B),"1655 Grant Street, Concord, CA",37.974638,-122.031719
Asana ,Business/Productivity Software,"1550 Bryant Street, San Francisco, CA",37.688849,-122.473552
Array Technologies ,Alternative Energy Equipment,"3901 Midway Place North East, Albuquerque, NM",35.149764,-106.599793
Arcutis Biotherapeutics ,Biotechnology,"2945 Townsgate Road, Westlake Village, CA",34.152752,-118.821895
Arconic ,Industrial Supplies and Parts,"201 Isabella Street, Pittsburgh, PA",40.447797,-80.001176
Apria Healthcare Group ,Clinics/Outpatient Services,"7353 Company Drive, Indianapolis, IN",39.66124,-86.078559
AppLovin ,Business/Productivity Software,"1100 Page Mill Road, Palo Alto, CA",37.417783,-122.146376
Applied Therapeutics ,Biotechnology,"545 Fifth Avenue, New York, NY",40.755164,-73.979188
Applied Molecular Transport ,Biotechnology,"1 Tower Place, San Francisco, CA",37.511149,-122.333468
Annexon Biosciences ,Drug Discovery,"180 Kimball Way, South San Francisco, CA",37.650351,-122.392045
Angion ,Drug Discovery,"1700 Montgomery Street, San Francisco, CA",37.805272,-122.404583
Anebulo Pharmaceuticals ,Drug Discovery,"1415 Ranch Road 620 South, Austin, TX",30.348325,-97.96363
Amwell ,Clinics/Outpatient Services,"75 State Street, Boston, MA",42.35863,-71.05534
American Outdoor Brands ,Aerospace and Defense,"1800 North Route Z, Columbia, MO",38.966749,-92.203553
Alzamend Neuro ,Drug Discovery,"3802 Spectrum Boulevard, Tampa, FL",28.056066,-82.41513
ALX Oncology ,Drug Discovery,"866 Malcolm Road, Burlingame, CA",37.600175,-122.373052
AlloVir ,Biotechnology,"139 Main Street, Cambridge, MA",42.362231,-71.082262
Allegro Microsystems ,Application Specific Semiconductors,"955 Perimeter Road, Manchester, NH",42.938341,-71.444326
Alkami ,Financial Software,"5601 Granite Parkway, Plano, TX",33.089808,-96.819098
Aligos Therapeutics ,Biotechnology,"1 Corporate Drive, South San Francisco, CA",37.656791,-122.400851
Alignment Healthcare ,Outcome Management (Healthcare),"1100 West Town and Country Road, Orange, CA",33.775938,-117.863779
Alfi ,Business/Productivity Software,"429 Lenox Avenue, Miami Beach, FL",25.77409,-80.139145
Alector ,Drug Discovery,"151 Oyster Point Boulevard, South San Francisco, CA",37.662347,-122.397294
Albertsons ,Department Stores,"P.O Box 29093, Phoenix, AZ",33.703967,-112.351835
Akoya Biosciences ,Other Healthcare Technology Systems,"100 Campus Drive, Marlborough, MA",42.32515,-71.584898
Akouos ,Drug Discovery,"645 Summer Street, Boston, MA",42.341787,-71.040378
Akero Therapeutics ,Drug Discovery,"170 Harbor Way, South San Francisco, CA",37.65306,-122.40089
Airbnb ,Information Services (B2C),"888 Brannan Street, San Francisco, CA",37.772015,-122.405193
Agrify ,Other Agriculture,"101 Middlesex Turnpike, Burlington, MA",42.485706,-71.220142
Agora ,Communication Software,"2804 Mission College Boulevard, Santa Clara, CA",37.391146,-121.97801
Agilon Health ,Practice Management (Healthcare),"1 World Trade Center, Long Beach, CA",33.767921,-118.199899
Agiliti Health ,Other Healthcare Services,"6625 West 78th Street, Minneapolis, MN",44.861124,-93.36805
Affirm ,Consumer Finance,"650 California Street, San Francisco, CA",37.792937,-122.405207
Aerovate Therapeutics ,Drug Discovery,"200 Berkeley Street, Boston, MA",42.350061,-71.072919
Adaptive Biotechnologies ,Biotechnology,"1551 Eastlake Avenue East, Seattle, WA",47.633101,-122.326054
ACV Auctions ,Media and Information Services (B2B),"640 Ellicott Street, Buffalo, NY",42.895844,-78.868865
Acutus Medical ,Diagnostic Equipment,"2210 Faraday Avenue, Carlsbad, CA",33.135645,-117.279327
Acurx Pharmaceuticals ,Drug Discovery,"22 Camelot Court, White Plains, NY",41.059128,-73.781678
Acumen Pharmaceuticals ,Drug Discovery,"427 Park Street, Charlottesville, VA",38.033118,-78.476633
Accolade ,Managed Care,"660 West Germantown Pike, Plymouth Meeting, PA",40.123668,-75.284684
Academy Sports + Outdoors ,Specialty Retail,"1800 North Mason Road, Katy, TX",29.79931,-95.747748
AbSci ,Drug Discovery,"18105 SouthEast Mill Plain Boulevard, Vancouver, WA",45.614671,-122.48512
908 Devices ,Biotechnology,"645 Summer Street, Boston, MA",42.341787,-71.040378
89bio ,Drug Discovery,"535 Mission Street, San Francisco, CA",37.788856,-122.398106
4DMT ,Biotechnology,"5858 Horton Street, Emeryville, CA",37.840254,-122.290696
1stdibs ,Specialty Retail,"51 Astor Place, New York, NY",40.730182,-73.990461
10x Genomics ,Biotechnology,"6230 Stoneridge Mall Road, Pleasanton, CA",37.694274,-121.921506
